Train Loss,Train IoU,Validation Loss,Validation IoU
0.31865996,0.11890442,0.32713112,0.23322654
0.29790908,0.28996518,0.3227383,0.4018461
0.28709596,0.35864532,0.32041734,0.4302538
0.28079054,0.38039175,0.31930545,0.435703
0.27182686,0.37540457,0.31851363,0.3948402
0.27146798,0.36209926,0.31923503,0.42948586
0.26965535,0.3823093,0.3172504,0.43041518
0.2676291,0.37517804,0.3130565,0.47854915
0.26189262,0.39535344,0.31377715,0.48195833
0.2604784,0.39143732,0.3158399,0.46995783